日期,查询词,搜索uv,搜索pv,曝光uv,曝光pv,点击uv,点击pv,曝光点击率,买家数,订单数,成交额,预测行业
2020-04-08,蔡徐坤,485,1030,478,4006,80,109,2.72%,0,0,,文化玩乐
2020-04-08,仓鼠,79,112,0,0,0,0,,,,,文化玩乐
2020-04-08,蔡徐坤应援,66,129,66,492,8,12,2.44%,0,0,,文化玩乐
2020-04-08,蔡徐坤粉丝团官微,61,168,60,599,16,26,4.34%,0,0,,生活服务
2020-04-08,一只笨鼠,56,71,58,335,0,0,,,,,文化玩乐
2020-04-08,明星饭圈,45,153,45,375,3,4,1.07%,0,0,,百货食品
2020-04-08,蔡徐坤手幅套装,42,67,45,362,3,7,1.93%,0,0,,文化玩乐
2020-04-08,ELLE,39,57,39,252,0,0,,,,,服装鞋包
2020-04-08,蔡徐坤应援活动,38,85,36,259,0,0,,,,,文化玩乐
2020-04-08,蔡徐坤出道,38,83,37,294,4,5,1.70%,0,0,,文化玩乐
2020-04-08,王一博,37,90,37,297,8,19,6.40%,0,0,,文化玩乐
2020-04-08,不绿,37,61,38,257,0,0,,,,,美妆饰品
2020-04-08,蔡徐坤C位出道两周年,35,87,36,325,6,6,1.85%,0,0,,文化玩乐
2020-04-08,蔡徐坤c位出道,29,63,28,191,6,6,3.14%,0,0,,文化玩乐
2020-04-08,娃衣,29,70,32,606,7,28,4.62%,0,0,,文化玩乐
2020-04-08,仓鼠零食,29,41,0,0,0,0,,,,,文化玩乐
2020-04-08,TFBOYS,29,47,0,0,0,0,,,,,文化玩乐
2020-04-08,史莱姆,28,94,24,576,10,41,7.12%,0,0,,文化玩乐
2020-04-08,叶航成杂志,27,70,27,253,10,11,4.35%,0,0,,生活服务
2020-04-08,易烊千玺,26,36,26,158,1,1,0.63%,0,0,,手机数码
2020-04-08,蔡徐坤出道两周年,24,54,26,234,3,3,1.28%,0,0,,文化玩乐
2020-04-08,蔡徐坤c位出道两周年,24,64,25,204,8,8,3.92%,0,0,,文化玩乐
2020-04-08,吴石九,24,50,27,158,1,1,0.63%,0,0,,文化玩乐
2020-04-08,流量卡,24,43,24,164,6,6,3.66%,0,0,,游戏话费
2020-04-08,卫衣,22,63,19,706,3,28,3.97%,0,0,,服装鞋包
2020-04-08,蔡徐坤C位出道两周年应援,22,38,25,211,2,3,1.42%,0,0,,文化玩乐
2020-04-08,蔡徐坤C位出道,22,40,21,168,2,2,1.19%,0,0,,文化玩乐
2020-04-08,橙靓妹 slime,22,42,18,169,4,5,2.96%,0,0,,文化玩乐
2020-04-08,warma养鸡场,21,35,21,157,0,0,,,,,服装鞋包
2020-04-08,蔡徐坤应援物,21,38,22,150,4,6,4.00%,0,0,,文化玩乐
2020-04-08,蔡徐坤姐姐团,20,46,22,244,7,11,4.51%,0,0,,文化玩乐
2020-04-08,匡威,20,33,18,148,5,7,4.73%,0,0,,服装鞋包
2020-04-08,warma,20,68,19,232,15,29,12.50%,0,0,,文化玩乐
2020-04-08,叶航成,19,43,19,142,7,10,7.04%,1,1,6.00,文化玩乐
2020-04-08,赖冠霖,19,53,17,279,2,20,7.17%,0,0,,文化玩乐
2020-04-08,蔡徐坤c位出道两周年应援,19,48,19,130,5,9,6.92%,0,0,,文化玩乐
2020-04-08,slime,19,78,15,416,7,31,7.45%,0,0,,手机数码
2020-04-08,蜜桃的史莱姆小店,18,32,16,162,2,3,1.85%,0,0,,文化玩乐
2020-04-08,蔡徐坤应援金,18,32,20,167,2,2,1.20%,0,0,,文化玩乐
2020-04-08,刘耀文,18,29,20,161,1,1,0.62%,0,0,,生活服务
2020-04-08,星卡里,18,29,13,94,0,0,,,,,服装鞋包
2020-04-08,蔡徐坤C位出道2周年应援,18,49,18,174,4,5,2.87%,0,0,,文化玩乐
2020-04-08,第十一颗星星,18,26,17,102,1,1,0.98%,0,0,,文化玩乐
2020-04-08,蔡徐坤两周年,18,36,19,131,1,1,0.76%,0,0,,文化玩乐
2020-04-08,刘耀文银河指挥部,17,25,14,87,0,0,,,,,文化玩乐
2020-04-08,手表,16,21,14,125,1,1,0.80%,0,0,,美妆饰品
2020-04-08,陈立农,16,27,20,206,4,6,2.91%,0,0,,文化玩乐
2020-04-08,蔡徐坤应援灯,16,23,14,104,1,1,0.96%,0,0,,生活服务
2020-04-08,一个萝卜 一个坑,16,19,12,52,0,0,,,,,文化玩乐
2020-04-08,仓鼠笼子,15,22,0,0,0,0,,,,,文化玩乐
2020-04-08,金丝熊,15,24,0,0,0,0,,,,,文化玩乐
2020-04-08,PrincessLan shop,15,20,8,48,0,0,,,,,服装鞋包
2020-04-08,jk,15,58,17,375,3,30,8.00%,0,0,,服装鞋包
2020-04-08,aj,15,48,14,184,9,18,9.78%,0,0,,运动户外
2020-04-08,新鲜事,14,32,14,118,1,1,0.85%,0,0,,文化玩乐
2020-04-08,小海皮的杂货铺,14,20,14,83,0,0,,,,,手机数码
2020-04-08,肖战,14,53,14,244,4,26,10.66%,0,0,,文化玩乐
2020-04-08,黄明昊,14,18,13,82,1,2,2.44%,0,0,,文化玩乐
2020-04-08,蓝希纯,14,27,14,71,1,2,2.82%,0,0,,美妆饰品
2020-04-08,女装,14,21,16,204,2,4,1.96%,0,0,,服装鞋包
2020-04-08,博君一肖,13,18,16,133,1,1,0.75%,0,0,,文化玩乐
2020-04-08,包包,13,33,13,171,3,9,5.26%,0,0,,服装鞋包
2020-04-08,蔡徐坤杂志,13,20,13,89,2,3,3.37%,0,0,,文化玩乐
2020-04-08,限时狂想,13,25,12,105,0,0,,,,,文化玩乐
2020-04-08,空军一号,13,39,10,149,6,15,10.07%,0,0,,运动户外
2020-04-08,电子烟,13,25,1,1,0,0,,,,,美妆饰品
2020-04-08,蔡徐坤娃娃,12,15,11,100,0,0,,,,,文化玩乐
2020-04-08,翔霖,12,15,12,87,0,0,,,,,文化玩乐
2020-04-08,烟,12,19,0,0,0,0,,,,,美妆饰品
2020-04-08,sr的羊肉串分店,12,14,7,39,0,0,,,,,其他
2020-04-08,困困爱生活,12,18,12,123,2,2,1.63%,0,0,,美妆饰品
2020-04-08,口红,12,17,10,63,0,0,,,,,美妆饰品
2020-04-08,elle杂志,12,16,11,86,1,1,1.16%,0,0,,生活服务
2020-04-08,曹曹 slime,12,17,12,86,2,2,2.33%,0,0,,文化玩乐
2020-04-08,鹿晗,12,21,13,183,1,3,1.64%,0,0,,生活服务
2020-04-08,蔡徐坤官方应援灯,12,23,12,122,3,3,2.46%,0,0,,文化玩乐
2020-04-08,叶航成吴石九,12,23,12,87,0,0,,,,,文化玩乐
2020-04-08,美瞳,12,19,0,0,0,0,,,,,美妆饰品
2020-04-08,ikun,12,30,12,87,1,1,1.15%,0,0,,手机数码
2020-04-08,seventeen,12,14,12,81,0,0,,,,,文化玩乐
2020-04-08,鞋,11,19,10,171,1,1,0.58%,0,0,,服装鞋包
2020-04-08,测评小铺,11,22,11,103,1,1,0.97%,0,0,,手机数码
2020-04-08,Tmagazine,11,14,11,22,0,0,,,,,生活服务
2020-04-08,内衣,11,19,11,118,4,7,5.93%,0,0,,服装鞋包
2020-04-08,蔡徐坤出道两周年应援,11,24,11,82,0,0,,,,,文化玩乐
2020-04-08,yxecg,11,12,8,47,1,1,2.13%,0,0,,其他
2020-04-08,芝麻妈妈的小店,11,18,11,81,0,0,,,,,美妆饰品
2020-04-08,蔡徐坤妈妈团,11,22,10,70,2,2,2.86%,0,0,,生活服务
2020-04-08,ikun专属音乐应援金,11,19,12,64,0,0,,,,,文化玩乐
2020-04-08,生死狙击手游官方商城,11,18,9,54,1,1,1.85%,0,0,,游戏话费
2020-04-08,李宏毅能量站,10,13,9,69,0,0,,,,,生活服务
2020-04-08,圣经,10,17,0,0,0,0,,,,,家居建材
2020-04-08,一个萝卜一个坑,10,10,8,34,0,0,,,,,文化玩乐
2020-04-08,女爱,10,12,8,44,0,0,,,,,百货食品
2020-04-08,耐克,10,11,8,82,0,0,,,,,运动户外
2020-04-08,jk制服裙,10,12,11,82,0,0,,,,,服装鞋包
2020-04-08,短袖,10,18,8,199,2,5,2.51%,0,0,,服装鞋包
2020-04-08,吴石九杂志,10,18,12,113,1,1,0.88%,0,0,,文化玩乐
2020-04-08,仓鼠用品,10,15,0,0,0,0,,,,,文化玩乐
2020-04-08,王一博杂志,10,21,13,80,2,3,3.75%,0,0,,生活服务
2020-04-08,限时小分店,10,16,8,73,1,1,1.37%,0,0,,服装鞋包
2020-04-08,喵小柒da小铺,10,17,7,62,0,0,,,,,服装鞋包
2020-04-08,华电小马哥,10,13,10,70,0,0,,,,,文化玩乐
2020-04-08,篮球鞋,10,43,7,209,3,27,12.92%,0,0,,运动户外
2020-04-08,康泰纳仕旗舰店,10,14,9,64,1,1,1.56%,0,0,,百货食品
2020-04-08,蔡徐坤周边,9,19,12,108,4,8,7.41%,0,0,,文化玩乐
2020-04-08,椰子,9,18,9,88,2,3,3.41%,0,0,,百货食品
2020-04-08,https://vmspub.weidian.com/gaia/36039/e0d72074.html,9,14,8,36,0,0,,,,,
2020-04-08,永恒夏日,9,16,8,52,0,0,,,,,美妆饰品
2020-04-08,陈立农my girl 周边商城,9,14,8,49,2,2,4.08%,0,0,,服装鞋包
2020-04-08,椰子鞋 350,9,22,8,64,4,10,15.63%,0,0,,运动户外
2020-04-08,耳机,9,14,9,79,2,2,2.53%,0,0,,手机数码
2020-04-08,高丝防晒蔡徐坤,9,12,9,62,0,0,,,,,美妆饰品
2020-04-08,任嘉伦,9,15,7,38,0,0,,,,,文化玩乐
2020-04-08,马嘉祺,9,30,8,118,5,18,15.25%,0,0,,文化玩乐
2020-04-08,阿宝silme,9,14,8,60,0,0,,,,,手机数码
2020-04-08,tmagazine,9,9,7,14,0,0,,,,,生活服务
2020-04-08,零食,9,10,8,44,0,0,,,,,百货食品
2020-04-08,张艺兴,9,21,9,91,2,10,10.99%,0,0,,文化玩乐
2020-04-08,switch,9,10,8,52,1,1,1.92%,0,0,,手机数码
2020-04-08,橘与云,8,10,7,39,0,0,,,,,美妆饰品
2020-04-08,王俊凯,8,12,7,33,2,2,6.06%,0,0,,文化玩乐
2020-04-08,仓鼠活体,8,10,0,0,0,0,,,,,文化玩乐
2020-04-08,长兄如父,8,8,8,52,0,0,,,,,母婴用品
2020-04-08,菜小弟 slime,8,11,6,37,0,0,,,,,百货食品
2020-04-08,娃衣 20cm,8,19,8,108,4,6,5.56%,0,0,,文化玩乐
2020-04-08,婉尔：）slime,8,12,7,59,0,0,,,,,文化玩乐
2020-04-08,华道图书专营店,8,14,7,42,0,0,,,,,文化玩乐
2020-04-08,许佳琪,8,11,7,43,0,0,,,,,家居建材
2020-04-08,蔡徐坤C位出道2周年,8,18,8,59,0,0,,,,,文化玩乐
2020-04-08,趣评测,8,10,9,77,0,0,,,,,手机数码
2020-04-08,lv,8,10,1,2,0,0,,,,,
2020-04-08,原单,8,8,1,6,0,0,,,,,
2020-04-08,蔡徐坤c位出道2周年应援,8,24,8,59,1,1,1.69%,0,0,,文化玩乐
2020-04-08,CR会员店,8,9,4,30,0,0,,,,,服装鞋包
2020-04-08,耳环,8,18,7,289,3,6,2.08%,0,0,,美妆饰品
2020-04-08,时代少年团,8,9,9,52,0,0,,,,,文化玩乐
2020-04-08,陈立农娃娃,7,16,7,47,3,4,8.51%,0,0,,文化玩乐
2020-04-08,易烊千玺杂志,7,9,9,50,0,0,,,,,生活服务
2020-04-08,智族gq,7,11,7,34,0,0,,,,,生活服务
2020-04-08,NINEPERCENT,7,7,6,34,0,0,,,,,文化玩乐
2020-04-08,王嘉尔,7,9,7,52,0,0,,,,,文化玩乐
2020-04-08,肉肉丸啊,7,8,6,38,0,0,,,,,服装鞋包
2020-04-08,起泡胶1元,7,11,7,45,1,1,2.22%,0,0,,文化玩乐
2020-04-08,ninepercent,7,11,7,40,0,0,,,,,文化玩乐
2020-04-08,https://h5.weidian.com/v-components/evoke-app/index.html?mode=auto&ckey=CK1370358947618&cardtype=starPush&scheme=https%3A%2F%2Fvmspub.weidian.com%2Fgaia%2F36039%2Fe0d72074.html&wfr=dabang,7,14,8,44,0,0,,,,,
2020-04-08,大鼠条之家,7,9,6,31,0,0,,,,,服装鞋包
2020-04-08,生死狙击手游武器,7,8,7,42,1,1,2.38%,0,0,,游戏话费
2020-04-08,中牌制服馆,7,9,5,28,0,0,,,,,服装鞋包
2020-04-08,不加甜可可,7,8,7,34,0,0,,,,,美妆饰品
2020-04-08,ELLE杂志,7,10,7,78,1,2,2.56%,0,0,,生活服务
2020-04-08,手机壳,7,12,8,93,2,2,2.15%,0,0,,手机数码
2020-04-08,女爱 slime,7,18,5,28,1,1,3.57%,0,0,,手机数码
2020-04-08,吃兔兔吗,7,8,5,36,0,0,,,,,文化玩乐
2020-04-08,卡西欧,7,55,5,254,3,40,15.75%,0,0,,美妆饰品
2020-04-08,袜子,7,17,6,138,1,5,3.62%,0,0,,服装鞋包
2020-04-08,R1SE,7,8,7,51,0,0,,,,,文化玩乐
2020-04-08,帽子,7,12,6,42,0,0,,,,,服装鞋包
2020-04-08,木木三,7,7,4,4,0,0,,,,,服装鞋包
2020-04-08,极速支付,7,11,7,43,0,0,,,,,游戏话费
2020-04-08,口罩,7,12,5,98,2,3,3.06%,0,0,,家居建材
2020-04-08,限时狂想pb,7,11,7,41,0,0,,,,,文化玩乐
2020-04-08,面包农民,7,15,5,256,1,2,0.78%,0,0,,百货食品
2020-04-08,小仓鼠历险记,7,13,0,0,0,0,,,,,家居建材
2020-04-08,仓鼠笼,7,10,0,0,0,0,,,,,文化玩乐
2020-04-08,时代少年团周边,6,8,7,44,0,0,,,,,文化玩乐
2020-04-08,魔法m史莱姆。,6,11,8,49,1,2,4.08%,0,0,,手机数码
2020-04-08,蔡徐坤手幅,6,8,6,45,0,0,,,,,文化玩乐
2020-04-08,蓝希纯i,6,8,6,31,0,0,,,,,美妆饰品
2020-04-08,面包,6,10,6,75,2,2,2.67%,0,0,,百货食品
2020-04-08,流量卡 纯流量卡,6,14,5,45,2,5,11.11%,0,0,,游戏话费
2020-04-08,EXO,6,17,6,80,3,4,5.00%,0,0,,文化玩乐
2020-04-08,徽章,6,27,5,293,2,17,5.80%,0,0,,生活服务
2020-04-08,开店礼包,6,14,6,61,1,3,4.92%,0,0,,生活服务
2020-04-08,小海皮的杂货店,6,11,5,35,0,0,,,,,服装鞋包
2020-04-08,哎哟喂,6,10,5,30,0,0,,,,,百货食品
2020-04-08,柠檬鲸,6,6,5,27,0,0,,,,,文化玩乐
2020-04-08,sacai,6,25,4,86,2,16,18.60%,0,0,,运动户外
2020-04-08,Tmagazine王一博,6,9,5,40,1,1,2.50%,0,0,,生活服务
2020-04-08,双肩包,6,9,6,42,1,3,7.14%,0,0,,运动户外
2020-04-08,运动鞋,6,10,6,53,1,2,3.77%,0,0,,运动户外
2020-04-08,vans,6,15,5,69,3,8,11.59%,0,0,,服装鞋包
2020-04-08,势界,6,9,4,25,0,0,,,,,百货食品
2020-04-08,pb,6,10,7,44,1,1,2.27%,0,0,,文化玩乐
2020-04-08,外套,6,8,5,52,0,0,,,,,服装鞋包
2020-04-08,350,6,12,6,73,2,3,4.11%,0,0,,运动户外
2020-04-08,裤子,6,10,5,31,0,0,,,,,服装鞋包
2020-04-08,沃玛养鸡场,6,10,8,49,0,0,,,,,文化玩乐
2020-04-08,蔡徐坤玩偶 蔡小葵,6,10,7,51,2,2,3.92%,0,0,,文化玩乐
2020-04-08,应援金,6,10,6,38,0,0,,,,,文化玩乐
2020-04-08,物联卡,6,10,7,39,1,1,2.56%,0,0,,游戏话费
2020-04-08,exo,6,21,6,96,2,10,10.42%,0,0,,文化玩乐
2020-04-08,童装,6,8,5,39,0,0,,,,,母婴用品
2020-04-08,蜜桃的史莱姆,6,11,4,34,1,1,2.94%,0,0,,文化玩乐
2020-04-08,SR的羊肉串分店,6,7,4,23,0,0,,,,,其他
2020-04-08,妹妹slime 小屋,6,12,4,32,1,2,6.25%,0,0,,百货食品
2020-04-08,恋舞ol账号,6,9,6,42,1,1,2.38%,0,0,,游戏话费
2020-04-08,周深,6,15,7,80,3,4,5.00%,0,0,,生活服务
2020-04-08,咖啡,6,11,5,42,1,1,2.38%,0,0,,百货食品
2020-04-08,咬尾巴的松鼠鱼,6,8,0,0,0,0,,,,,百货食品
2020-04-08,sr的羊肉串分店补款入金,6,8,5,36,0,0,,,,,生活服务
2020-04-08,钥匙扣,6,7,5,31,0,0,,,,,家居建材
2020-04-08,拖鞋,6,11,4,36,1,2,5.56%,0,0,,家居建材
2020-04-08,卫衣女款,6,13,5,58,1,2,3.45%,0,0,,服装鞋包
2020-04-08,GQ,6,7,5,27,0,0,,,,,生活服务
2020-04-08,ikun真爱测试,6,10,5,32,1,2,6.25%,0,0,,生活服务
2020-04-08,店铺管理,6,39,6,63,2,4,6.35%,0,0,,生活服务
2020-04-08,周震南,6,9,6,26,0,0,,,,,文化玩乐
2020-04-08,杂志,6,9,5,37,0,0,,,,,生活服务
2020-04-08,海盐糖手册,6,6,4,22,0,0,,,,,百货食品
2020-04-08,男鞋,6,8,6,60,1,1,1.67%,0,0,,服装鞋包
2020-04-08,朱正廷,5,7,5,33,2,2,6.06%,0,0,,文化玩乐
2020-04-08,t恤男,5,7,3,20,0,0,,,,,服装鞋包
2020-04-08,老鼠记者,5,10,0,0,0,0,,,,,文化玩乐
2020-04-08,H12,5,8,5,46,0,0,,,,,运动户外
2020-04-08,芋头和她的面包们,5,9,5,50,0,0,,,,,
2020-04-08,连衣裙,5,9,5,194,3,3,1.55%,0,0,,服装鞋包
2020-04-08,糯糯家娃衣铺,5,6,2,9,0,0,,,,,文化玩乐
2020-04-08,北极狐,5,5,0,0,0,0,,,,,运动户外
2020-04-08,卡里星球,5,9,4,26,0,0,,,,,生活服务
2020-04-08,黄明昊pb,5,6,5,22,0,0,,,,,文化玩乐
2020-04-08,牛仔裤,5,6,5,42,1,1,2.38%,0,0,,服装鞋包
2020-04-08,最近搜索,5,25,5,87,0,0,,,,,手机数码
2020-04-08,手机,5,8,4,47,1,2,4.26%,0,0,,手机数码
2020-04-08,小兔仙代代代,5,5,5,25,0,0,,,,,生活服务
2020-04-08,外贸,5,8,6,40,1,1,2.50%,0,0,,服装鞋包
2020-04-08,迢迢,5,7,5,42,0,0,,,,,
2020-04-08,手帐,5,17,6,89,2,9,10.11%,0,0,,手机数码
2020-04-08,1970s,5,30,3,131,2,16,12.21%,0,0,,服装鞋包
2020-04-08,王俊凯手幅,5,10,5,28,0,0,,,,,生活服务
2020-04-08,李汶翰,5,6,5,30,1,1,3.33%,0,0,,文化玩乐
2020-04-08,戒指,5,9,5,62,1,2,3.23%,0,0,,美妆饰品
2020-04-08,椰子350,5,22,4,62,3,11,17.74%,0,0,,运动户外
2020-04-08,王者荣耀,5,6,5,33,0,0,,,,,游戏话费
2020-04-08,阿龙史莱姆小店,5,11,5,61,2,4,6.56%,0,0,,其他
2020-04-08,小羊贩卖机,5,6,6,36,0,0,,,,,文化玩乐
2020-04-08,鞋子,5,7,5,86,1,1,1.16%,0,0,,运动户外
2020-04-08,项链,5,11,5,35,2,4,11.43%,0,0,,美妆饰品
2020-04-08,剑与远征,5,6,5,28,1,1,3.57%,0,0,,游戏话费
2020-04-08,叶航成实体刊,5,17,5,84,1,3,3.57%,0,0,,生活服务
2020-04-08,随便卖卖,5,6,4,22,0,0,,,,,生活服务
2020-04-08,一叶月jk制服馆,5,6,4,19,0,0,,,,,文化玩乐
2020-04-08,起泡胶,5,11,4,38,2,3,7.89%,0,0,,手机数码
2020-04-08,鞋子女潮,5,8,3,43,2,2,4.65%,0,0,,服装鞋包
2020-04-08,dunk,5,10,4,200,1,2,1.00%,0,0,,运动户外
2020-04-08,焉栩嘉,5,6,5,28,0,0,,,,,文化玩乐
2020-04-08,aj1低帮男,5,7,3,17,0,0,,,,,运动户外
2020-04-08,mcm,5,8,7,89,1,3,3.37%,0,0,,服装鞋包
2020-04-08,乾隆酥饼,5,9,5,31,1,2,6.45%,0,0,,百货食品
2020-04-08,threewater852,5,6,0,0,0,0,,,,,
2020-04-08,警花的秘密基地,5,6,5,28,0,0,,,,,文化玩乐
2020-04-08,包治百病,5,7,0,0,0,0,,,,,服装鞋包
2020-04-08,雷锋三店,5,8,6,43,1,1,2.33%,0,0,,服装鞋包
2020-04-08,啵战甜酒馆,5,7,3,12,0,0,,,,,百货食品
2020-04-08,蛋糕,5,7,6,61,1,1,1.64%,0,0,,生活服务
2020-04-08,短袖男潮,5,6,4,34,0,0,,,,,服装鞋包
2020-04-08,巴黎世家,5,8,3,17,1,1,5.88%,0,0,,服装鞋包
2020-04-08,电子书,5,7,0,0,0,0,,,,,手机数码
2020-04-08,危险的地球人,5,6,4,24,0,0,,,,,文化玩乐
2020-04-08,蔡徐坤妈妈团lovely club,5,13,5,45,1,4,8.89%,0,0,,
2020-04-08,elle,5,8,5,30,0,0,,,,,服装鞋包
2020-04-08,mewgulf,5,18,5,59,2,9,15.25%,0,0,,百货食品
2020-04-08,困困爱生活 家用,5,6,5,40,0,0,,,,,家用电器
2020-04-08,一肖如梦,5,8,4,28,0,0,,,,,文化玩乐
2020-04-08,祺鑫,5,5,6,34,0,0,,,,,文化玩乐
2020-04-08,aj11,5,9,5,36,0,0,,,,,运动户外
2020-04-08,LV,5,6,0,0,0,0,,,,,
2020-04-08,万斯,5,9,5,31,1,1,3.23%,0,0,,服装鞋包
2020-04-08,yeezy,5,23,5,200,2,11,5.50%,0,0,,运动户外
2020-04-08,篮球,5,13,5,68,2,5,7.35%,0,0,,运动户外
2020-04-08,翟潇闻,5,7,4,19,1,2,10.53%,0,0,,文化玩乐
2020-04-08,IKUN,5,10,5,37,1,1,2.70%,0,0,,手机数码
2020-04-08,dokiboutique,5,7,0,0,0,0,,,,,
2020-04-08,衣服,5,5,4,36,0,0,,,,,服装鞋包
2020-04-08,菜菜🌸杂货店,5,7,4,17,1,1,5.88%,0,0,,家居建材
2020-04-08,茜茜姐妹任嘉伦,5,7,5,29,0,0,,,,,生活服务
2020-04-08,i-mag格,5,9,8,56,0,0,,,,,
2020-04-08,蔡徐坤C位出道应援,5,12,5,48,1,1,2.08%,0,0,,文化玩乐
2020-04-08,ikun应援金,5,36,5,63,1,1,1.59%,0,0,,文化玩乐
2020-04-08,蔡徐坤c位出道2周年,5,9,6,45,2,2,4.44%,0,0,,文化玩乐
2020-04-08,叶航成同款,4,8,4,24,1,1,4.17%,0,0,,服装鞋包
2020-04-08,卡包,4,8,2,59,1,3,5.08%,0,0,,运动户外
2020-04-08,猫粮,4,5,1,4,0,0,,,,,文化玩乐
2020-04-08,鹿晗费加罗杂志,4,5,4,27,0,0,,,,,文化玩乐
2020-04-08,陈立农手幅,4,8,4,33,1,2,6.06%,0,0,,文化玩乐
2020-04-08,阿迪达斯,4,10,4,27,1,3,11.11%,0,0,,服装鞋包
2020-04-08,衬衫女,4,10,4,68,1,2,2.94%,0,0,,服装鞋包
2020-04-08,socool叶航成,4,9,4,28,2,2,7.14%,0,0,,文化玩乐
2020-04-08,蔡徐坤姐姐团_kunsland,4,23,4,35,1,1,2.86%,0,0,,
2020-04-08,蔡徐坤2周年,4,9,3,27,0,0,,,,,文化玩乐
2020-04-08,fog,4,5,1,6,0,0,,,,,服装鞋包
2020-04-08,糖化的slime,4,14,4,85,1,7,8.24%,0,0,,手机数码
2020-04-08,童鞋,4,12,4,68,2,6,8.82%,0,0,,母婴用品
2020-04-08,逸川,4,5,0,0,0,0,,,,,运动户外
2020-04-08,禁忌游戏,4,9,4,39,0,0,,,,,手机数码
2020-04-08,blackpink应援棒,4,5,4,49,0,0,,,,,文化玩乐
2020-04-08,小初的萤火之森,4,5,3,17,0,0,,,,,文化玩乐
2020-04-08,20cm娃衣,4,7,3,18,0,0,,,,,文化玩乐
2020-04-08,apink,4,7,4,27,1,3,11.11%,0,0,,文化玩乐
2020-04-08,百度网盘,4,4,0,0,0,0,,,,,生活服务
2020-04-08,锦衣之下,4,5,4,24,0,0,,,,,文化玩乐
2020-04-08,程姐姐的泥,4,4,2,12,0,0,,,,,生活服务
2020-04-08,20cm 娃衣,4,9,5,47,2,4,8.51%,0,0,,文化玩乐
2020-04-08,粉底液,4,5,3,22,0,0,,,,,美妆饰品
2020-04-08,夏安是个好姑娘,4,6,5,26,0,0,,,,,服装鞋包
2020-04-08,dalin不是dalin,4,4,2,9,0,0,,,,,美妆饰品
2020-04-08,老许,4,5,4,24,0,0,,,,,运动户外
2020-04-08,dunk sb,4,5,2,12,1,1,8.33%,0,0,,运动户外
2020-04-08,肥肥小岛,4,7,4,24,0,0,,,,,文化玩乐
2020-04-08,fallinlovebts,4,5,0,0,0,0,,,,,文化玩乐
2020-04-08,董明珠的店,4,6,3,24,0,0,,,,,家用电器
2020-04-08,茜茜姐妹,4,4,4,18,0,0,,,,,生活服务
2020-04-08,size潮流生活杂志,4,9,4,22,0,0,,,,,文化玩乐
2020-04-08,范丞丞,4,8,3,23,2,2,8.70%,0,0,,生活服务
2020-04-08,蔡徐坤粉丝团,4,11,4,42,2,3,7.14%,0,0,,手机数码
2020-04-08,蔡徐坤C位出道二周年应援,4,4,4,24,0,0,,,,,文化玩乐
2020-04-08,jk制服正品,4,4,4,19,0,0,,,,,文化玩乐
2020-04-08,nike,4,6,2,41,1,2,4.88%,0,0,,运动户外
2020-04-08,mamamoo,4,13,4,49,3,9,18.37%,0,0,,美妆饰品
2020-04-08,蔡徐坤出道2周年,4,8,4,27,1,1,3.70%,0,0,,文化玩乐
2020-04-08,蔡徐坤娃偶,4,10,7,123,3,4,3.25%,0,0,,文化玩乐
2020-04-08,puma,4,9,2,73,1,2,2.74%,0,0,,运动户外
2020-04-08,socool,4,9,4,19,0,0,,,,,文化玩乐
2020-04-08,relx,4,7,0,0,0,0,,,,,美妆饰品
2020-04-08,tfboys,4,6,0,0,0,0,,,,,文化玩乐
2020-04-08,购物袋,4,7,3,81,1,1,1.23%,0,0,,服装鞋包
2020-04-08,金属徽章,4,6,4,37,0,0,,,,,文化玩乐
2020-04-08,跑步鞋,4,12,4,50,1,5,10.00%,0,0,,运动户外
2020-04-08,₳NMhc18AIL9M₳,4,7,1,4,0,0,,,,,
2020-04-08,长安,4,4,3,18,0,0,,,,,汽配摩托
2020-04-08,跑鞋,4,8,4,36,0,0,,,,,运动户外
2020-04-08,仓鼠粮,4,6,0,0,0,0,,,,,文化玩乐
2020-04-08,随便卖点啥,4,5,4,24,0,0,,,,,服装鞋包
2020-04-08,香水时代,4,7,3,20,1,2,10.00%,0,0,,美妆饰品
2020-04-08,T恤,4,8,4,93,2,2,2.15%,0,0,,服装鞋包
2020-04-08,面膜,4,4,4,33,1,1,3.03%,0,0,,百货食品
2020-04-08,包包 斜挎包,4,6,4,138,1,1,0.72%,0,0,,服装鞋包
2020-04-08,十五与鼠的故事,4,5,5,36,0,0,,,,,文化玩乐
2020-04-08,王俊凯娃娃,4,7,4,21,1,1,4.76%,0,0,,文化玩乐
2020-04-08,渔夫帽,4,4,4,69,0,0,,,,,服装鞋包
2020-04-08,栩栩商店,4,5,3,15,0,0,,,,,美妆饰品
2020-04-08,河马牌人字拖,4,5,1,6,0,0,,,,,服装鞋包
2020-04-08,棉花糖史莱姆,4,4,3,20,0,0,,,,,文化玩乐
2020-04-08,哎哟喂史莱姆,4,18,4,107,1,10,9.35%,0,0,,
2020-04-08,板牙生活馆,4,6,3,19,1,1,5.26%,0,0,,百货食品
2020-04-08,趣评测商城,4,5,4,27,0,0,,,,,
2020-04-08,Sleepy girl,4,9,3,18,0,0,,,,,美妆饰品
2020-04-08,林林宝贝 slime,4,6,5,24,1,1,4.17%,0,0,,手机数码
2020-04-08,李现杂志预售,4,4,4,27,0,0,,,,,文化玩乐
2020-04-08,曹曹smile,4,5,4,28,0,0,,,,,文化玩乐
2020-04-08,时装杂志订阅官方,4,8,4,21,0,0,,,,,文化玩乐
2020-04-08,宸宸家零食,4,4,4,23,0,0,,,,,百货食品
2020-04-08,屋塔房咖啡厅,4,4,4,36,0,0,,,,,生活服务
2020-04-08,小仓鼠,4,7,0,0,0,0,,,,,文化玩乐
2020-04-08,帆布鞋,4,8,4,65,1,2,3.08%,0,0,,服装鞋包
2020-04-08,星宿group,4,7,3,18,0,0,,,,,美妆饰品
2020-04-08,Nike,4,5,5,30,1,1,3.33%,0,0,,运动户外
2020-04-08,蔡徐坤出道2周年应援,4,8,4,24,0,0,,,,,文化玩乐
2020-04-08,卫裤,4,8,3,75,1,3,4.00%,0,0,,服装鞋包
2020-04-08,黄明昊手幅,4,6,4,22,0,0,,,,,文化玩乐
2020-04-08,黄明昊周边,4,4,4,23,1,1,4.35%,0,0,,文化玩乐
2020-04-08,蔡徐坤c位,4,5,4,37,0,0,,,,,文化玩乐
2020-04-08,化学少女,4,4,1,6,0,0,,,,,服装鞋包
2020-04-08,减肥,4,8,4,75,2,3,4.00%,0,0,,家居建材
2020-04-08,猫头的店,4,4,4,31,0,0,,,,,文化玩乐
2020-04-08,鸽子养殖场,4,4,4,23,0,0,,,,,文化玩乐
2020-04-08,可欣slime,4,10,6,60,2,2,3.33%,0,0,,家居建材
2020-04-08,李宁卫衣,4,9,4,30,1,3,10.00%,0,0,,运动户外
2020-04-08,朱一龙,4,8,4,33,1,3,9.09%,0,0,,手机数码
2020-04-08,杂货店,4,5,5,34,0,0,,,,,家居建材
2020-04-08,宋亚轩,4,4,5,30,0,0,,,,,文化玩乐
2020-04-08,姐姐团,4,8,3,16,0,0,,,,,百货食品
2020-04-08,鳄鱼,4,5,0,0,0,0,,,,,服装鞋包
2020-04-08,肖羊羊,4,4,4,21,0,0,,,,,百货食品
2020-04-08,易烊千玺杂志2020,4,4,4,28,0,0,,,,,文化玩乐
2020-04-08,SIZEGo,4,11,0,0,0,0,,,,,
2020-04-08,山山大王,4,4,1,6,0,0,,,,,服装鞋包
2020-04-08,老林学姐 slime,4,5,1,28,1,1,3.57%,0,0,,手机数码
2020-04-08,怡品荟,4,5,4,34,0,0,,,,,美妆饰品
2020-04-08,小白鞋,4,13,4,216,3,7,3.24%,0,0,,运动户外
2020-04-08,张新成,4,5,4,24,0,0,,,,,生活服务
2020-04-08,安野南一jk,4,4,2,12,0,0,,,,,服装鞋包
2020-04-08,时尚杂志订阅官方,4,16,4,66,3,5,7.58%,0,0,,生活服务
2020-04-08,提现,4,7,0,0,0,0,,,,,美妆饰品
2020-04-08,女鞋,4,5,5,93,1,1,1.08%,0,0,,服装鞋包
2020-04-08,手幅,4,6,4,85,1,1,1.18%,0,0,,文化玩乐
2020-04-08,阿宝silme长期开售,4,4,4,28,0,0,,,,,美妆饰品
2020-04-08,包,4,5,4,21,0,0,,,,,服装鞋包
2020-04-08,白鹿周边,4,5,4,57,0,0,,,,,文化玩乐
2020-04-08,你的东西,4,6,4,21,0,0,,,,,美妆饰品
2020-04-08,始祖鸟,4,13,4,63,3,5,7.94%,0,0,,运动户外
2020-04-08,敏儿小商店,4,5,4,25,1,1,4.00%,0,0,,
2020-04-08,男装,3,3,3,23,0,0,,,,,服装鞋包
2020-04-08,防弹的幼稚园,3,4,2,13,0,0,,,,,其他
2020-04-08,18642100716 ,3,4,0,0,0,0,,,,,
2020-04-08,刘耀文银河创造计划,3,5,3,18,0,0,,,,,文化玩乐
2020-04-08,黄明昊初见,3,19,2,16,0,0,,,,,文化玩乐
2020-04-08,黄明昊娃娃15cm,3,3,4,24,0,0,,,,,文化玩乐
2020-04-08,勇哥的光芒v,3,6,2,10,0,0,,,,,美妆饰品
2020-04-08,创可贴,3,4,0,0,0,0,,,,,运动户外
2020-04-08,白敬亭,3,5,3,26,1,1,3.85%,0,0,,
2020-04-08,樱桃,3,6,2,13,1,1,7.69%,0,0,,百货食品
2020-04-08,劳力士,3,7,3,51,0,0,,,,,文化玩乐
2020-04-08,伊周,3,3,3,21,0,0,,,,,生活服务
2020-04-08,熙熙碳水铺面包,3,4,3,25,0,0,,,,,百货食品
2020-04-08,原味,3,4,3,16,0,0,,,,,百货食品
2020-04-08,火锅,3,6,3,16,0,0,,,,,百货食品
2020-04-08,卫衣女,3,3,3,16,0,0,,,,,服装鞋包
2020-04-08,古诗文默写零失分,3,3,3,15,0,0,,,,,文化玩乐
2020-04-08,大张slime,3,3,1,9,0,0,,,,,生活服务
2020-04-08,NB,3,15,3,112,1,11,9.82%,0,0,,运动户外
2020-04-08,梅溪湖,3,3,2,13,0,0,,,,,文化玩乐
2020-04-08,回力鞋男,3,5,3,17,0,0,,,,,服装鞋包
2020-04-08,EternalSummer·1224,3,6,3,26,0,0,,,,,
2020-04-08,性价比,3,8,2,24,1,4,16.67%,0,0,,运动户外
2020-04-08,月涉银河,3,6,3,34,1,2,5.88%,0,0,,文化玩乐
2020-04-08,时尚芭莎,3,4,3,18,0,0,,,,,生活服务
2020-04-08,月亮斯坦生活馆,3,4,2,12,0,0,,,,,百货食品
2020-04-08,斑马,3,4,2,12,0,0,,,,,手机数码
2020-04-08,日山鹅鹅,3,3,2,10,0,0,,,,,运动户外
2020-04-08,小乐家精选,3,3,2,13,0,0,,,,,服装鞋包
2020-04-08,御茶家,3,3,2,10,0,0,,,,,百货食品
2020-04-08,巴黎世家老爹鞋,3,9,3,46,3,4,8.70%,0,0,,运动户外
2020-04-08,就叫一杯酸奶吧,3,4,3,18,0,0,,,,,百货食品
2020-04-08,开店红包,3,5,3,18,0,0,,,,,
2020-04-08,就叫十五,3,5,2,35,0,0,,,,,文化玩乐
2020-04-08,斜挎包,3,3,3,14,0,0,,,,,服装鞋包
2020-04-08,凉鞋,3,8,3,144,2,5,3.47%,0,0,,服装鞋包
2020-04-08,杨幂,3,4,3,20,0,0,,,,,服装鞋包
2020-04-08,木木三店,3,4,1,6,0,0,,,,,百货食品
2020-04-08,卫衣 男,3,6,3,44,1,1,2.27%,0,0,,服装鞋包
2020-04-08,王琳凯,3,3,3,17,0,0,,,,,文化玩乐
2020-04-08,玫瑰爱面包的小店,3,3,5,34,0,0,,,,,手机数码
2020-04-08,兔头斯内普,3,5,2,14,0,0,,,,,美妆饰品
2020-04-08,王一博 周边,3,7,3,26,1,2,7.69%,0,0,,文化玩乐
2020-04-08,王源杂志,3,3,3,19,0,0,,,,,
2020-04-08,隔离,3,6,3,33,1,2,6.06%,0,0,,美妆饰品
2020-04-08,伊丁天堂,3,3,4,20,0,0,,,,,家用电器
2020-04-08,保温杯,3,4,3,22,1,1,4.55%,0,0,,百货食品
2020-04-08,烟供,3,6,0,0,0,0,,,,,文化玩乐
2020-04-08,黄明昊娃娃,3,3,3,15,0,0,,,,,文化玩乐
2020-04-08,玩墨精选,3,4,3,16,0,0,,,,,运动户外
2020-04-08,洗面奶,3,5,3,23,0,0,,,,,百货食品
2020-04-08,榴莲,3,12,3,27,2,6,22.22%,0,0,,百货食品
2020-04-08,甜品盒子铺,3,7,2,33,0,0,,,,,生活服务
2020-04-08,甜茶盒子,3,4,3,19,0,0,,,,,百货食品
2020-04-08,倒钩,3,4,2,15,2,2,13.33%,0,0,,运动户外
2020-04-08,欢乐送,3,3,3,18,0,0,,,,,家居建材
2020-04-08,查尔定制,3,3,3,21,0,0,,,,,服装鞋包
2020-04-08,丝袜,3,8,3,45,1,2,4.44%,0,0,,服装鞋包
2020-04-08,丹尼欧尼代购店,3,4,2,12,0,0,,,,,手机数码
2020-04-08,智族gq王一博,3,3,2,10,0,0,,,,,文化玩乐
2020-04-08,生死狙击,3,10,2,15,1,1,6.67%,0,0,,游戏话费
2020-04-08,生死狙击手游武器英雄,3,8,3,12,1,1,8.33%,0,0,,文化玩乐
2020-04-08,梅溪湖珠宝盒计划,3,4,2,14,0,0,,,,,美妆饰品
2020-04-08,749局,3,20,3,20,0,0,,,,,文化玩乐
2020-04-08,斯凯奇,3,12,3,65,1,8,12.31%,0,0,,运动户外
2020-04-08,周阿姨私货店,3,4,2,12,0,0,,,,,生活服务
2020-04-08,应援,3,11,3,43,1,1,2.33%,0,0,,文化玩乐
2020-04-08,小熊小兔的列车,3,3,2,14,0,0,,,,,文化玩乐
2020-04-08,小鬼,3,9,3,29,2,4,13.79%,0,0,,文化玩乐
2020-04-08,并肩于雪山之巅应援,3,5,3,21,0,0,,,,,
2020-04-08,小胖儿（4号店）,3,3,2,12,0,0,,,,,百货食品
2020-04-08,小海皮的杂货,3,6,3,24,0,0,,,,,手机数码
2020-04-08,小物萌趣商店,3,3,2,12,0,0,,,,,生活服务
2020-04-08,尤克里里,3,6,3,27,0,0,,,,,文化玩乐
2020-04-08,小波补款,3,4,2,11,0,0,,,,,其他
2020-04-08,张大奕slime💗,3,4,2,18,1,1,5.56%,0,0,,
2020-04-08,文轩,3,4,3,25,0,0,,,,,文化玩乐
2020-04-08,斐乐,3,5,3,17,0,0,,,,,运动户外
2020-04-08,小旭 made,3,3,1,6,0,0,,,,,手机数码
2020-04-08,女包,3,3,2,15,0,0,,,,,服装鞋包
2020-04-08,娃衣15厘米,3,4,3,14,0,0,,,,,文化玩乐
2020-04-08,春日制服部,3,5,3,15,0,0,,,,,
2020-04-08,大鱼啵的小鱼塘,3,9,3,16,1,4,25.00%,0,0,,文化玩乐
2020-04-08,大鹰乐享优品,3,3,2,12,0,0,,,,,运动户外
2020-04-08,是拌饭啊,3,4,2,9,0,0,,,,,百货食品
2020-04-08,外贸原单 桃子,3,3,0,0,0,0,,,,,服装鞋包
2020-04-08,女爱 studio,3,6,3,23,0,0,,,,,百货食品
2020-04-08,小师妹silme,3,4,3,15,0,0,,,,,文化玩乐
2020-04-08,明星周边,3,3,3,16,0,0,,,,,文化玩乐
2020-04-08,来吃三碗饭,3,3,2,10,0,0,,,,,
2020-04-08,智族王一博,3,3,2,9,0,0,,,,,文化玩乐
2020-04-08,周深杂志,3,4,3,16,0,0,,,,,文化玩乐
2020-04-08,柯玥的史莱姆,3,9,3,35,3,4,11.43%,0,0,,
2020-04-08,吴磊,3,4,3,32,0,0,,,,,文化玩乐
2020-04-08,吃一口软糖,3,3,4,26,0,0,,,,,百货食品
2020-04-08,泥,3,4,2,27,1,1,3.70%,0,0,,手机数码
2020-04-08,吴石九叶航成,3,8,3,22,0,0,,,,,
2020-04-08,汉服,3,5,3,23,0,0,,,,,生活服务
2020-04-08,淡淡烟味,3,3,0,0,0,0,,,,,百货食品
2020-04-08,口罩    医用,3,16,3,23,3,10,43.48%,0,0,,家居建材
2020-04-08,榜单,3,4,3,14,0,0,,,,,服装鞋包
2020-04-08,李宏毅,3,5,2,12,0,0,,,,,文化玩乐
2020-04-08,法国鳄鱼,3,6,0,0,0,0,,,,,服装鞋包
2020-04-08,湾仔甜心,3,5,3,16,0,0,,,,,百货食品
2020-04-08,烟丝,3,4,0,0,0,0,,,,,文化玩乐
2020-04-08,滴胶,3,3,3,12,1,1,8.33%,0,0,,美妆饰品
2020-04-08,化妆品,3,5,3,18,0,0,,,,,美妆饰品
2020-04-08,华晨宇,3,8,4,37,1,2,5.41%,0,0,,文化玩乐
2020-04-08,包邮slime,3,4,3,15,0,0,,,,,百货食品
2020-04-08,瑶瑶小铺,3,4,3,17,0,0,,,,,美妆饰品
2020-04-08,TO THE MOON,3,3,3,23,0,0,,,,,美妆饰品
2020-04-08,猫和老鼠,3,6,0,0,0,0,,,,,服装鞋包
2020-04-08,EllE,3,4,3,18,0,0,,,,,服装鞋包
2020-04-08,凉子的补给站,3,4,3,26,0,0,,,,,百货食品
2020-04-08,防弹少年团,3,4,3,26,1,1,3.85%,0,0,,文化玩乐
2020-04-08,15cm娃衣,3,5,1,7,0,0,,,,,文化玩乐
2020-04-08,Elle,3,4,3,24,0,0,,,,,服装鞋包
2020-04-08,勺子,3,11,3,73,0,0,,,,,百货食品
2020-04-08,智族,3,3,3,15,0,0,,,,,文化玩乐
2020-04-08,蔡徐坤c位出道二周年,3,7,3,22,0,0,,,,,文化玩乐
2020-04-08,智族GQ王一博,3,8,4,21,1,3,14.29%,0,0,,文化玩乐
2020-04-08,airpords 2,3,5,2,10,0,0,,,,,手机数码
2020-04-08,祺鑫周边,3,3,4,22,0,0,,,,,文化玩乐
2020-04-08,blackpink专辑,3,4,3,23,0,0,,,,,文化玩乐
2020-04-08,aj6,3,5,3,22,1,2,9.09%,0,0,,运动户外
2020-04-08,盲盒,3,4,4,25,0,0,,,,,文化玩乐
2020-04-08,aj1,3,5,6,37,1,1,2.70%,0,0,,运动户外
2020-04-08,短裤,3,4,2,13,0,0,,,,,服装鞋包
2020-04-08,apt18,3,4,0,0,0,0,,,,,服装鞋包
2020-04-08,aj33,3,5,2,18,1,1,5.56%,0,0,,运动户外
2020-04-08,blackpink,3,3,3,16,0,0,,,,,文化玩乐
2020-04-08,芒果瓜酱,3,3,3,15,0,0,,,,,百货食品
2020-04-08,bjd,3,70,3,657,2,62,9.44%,0,0,,文化玩乐
2020-04-08,a梦的slime小铺,3,5,3,29,1,1,3.45%,0,0,,百货食品
2020-04-08,a酱,3,3,3,15,0,0,,,,,百货食品
2020-04-08,禁忌游戏博君一肖,3,6,3,17,0,0,,,,,文化玩乐
2020-04-08,a酱家魔道祖师,3,4,2,12,0,0,,,,,
2020-04-08,空烟管,3,4,0,0,0,0,,,,,美妆饰品
2020-04-08,糖化 slime,3,5,3,19,1,2,10.53%,0,0,,手机数码
2020-04-08,素,3,5,3,24,0,0,,,,,
2020-04-08,老马家a追,3,3,2,12,0,0,,,,,服装鞋包
2020-04-08,dayu perfect,3,3,0,0,0,0,,,,,服装鞋包
2020-04-08,day and night,3,5,3,15,0,0,,,,,美妆饰品
2020-04-08,肖战杂志,3,14,3,66,1,3,4.55%,0,0,,文化玩乐
2020-04-08,rae rae slime,3,6,3,48,0,0,,,,,文化玩乐
2020-04-08,shuran的画店,3,7,4,44,1,1,2.27%,0,0,,美妆饰品
2020-04-08,seventeen专辑,3,4,3,15,1,1,6.67%,0,0,,文化玩乐
2020-04-08,舒然,3,4,3,22,1,1,4.55%,0,0,,手机数码
2020-04-08,莆田,3,4,4,23,0,0,,,,,运动户外
2020-04-08,芮妮生活馆,3,4,1,6,0,0,,,,,生活服务
2020-04-08,花枝鼠,3,4,0,0,0,0,,,,,文化玩乐
2020-04-08,菜小弟silme,3,5,3,12,0,0,,,,,百货食品
2020-04-08,http://t.cn/A6ZDNIui,3,5,2,10,0,0,,,,,
2020-04-08,菜菜杂货店,3,4,3,15,0,0,,,,,家居建材
2020-04-08,https://h5.weidian.com/m/koubei/content-detail.html?feedId=224356763&authorId=1472200295,3,5,2,12,0,0,,,,,
2020-04-08,https://weidian.com/item.html?itemID=3476787585&wfr=wx&source=goods_home&ifr=itemdetail&sfr=app,3,5,3,18,0,0,,,,,
2020-04-08,ikun专属音乐应援,3,9,3,17,2,3,17.65%,0,0,,文化玩乐
2020-04-08,ikun专属,3,5,3,15,0,0,,,,,
2020-04-08,蔡徐坤C位出道二周年,3,4,3,20,0,0,,,,,文化玩乐
2020-04-08,jas,3,3,1,6,0,0,,,,,运动户外
2020-04-08,lisawang,3,12,3,76,2,6,7.89%,0,0,,服装鞋包
2020-04-08,街边小茶馆,3,4,2,10,0,0,,,,,文化玩乐
2020-04-08,蔡徐坤应援灯官方,3,7,5,26,1,1,3.85%,0,0,,家居建材
2020-04-08,蔡徐坤两周年应援,3,6,3,24,1,2,8.33%,0,0,,
2020-04-08,蔡徐坤同款衣服,3,4,3,21,0,0,,,,,服装鞋包
2020-04-08,mewgulf_chinafc,3,3,0,0,0,0,,,,,
2020-04-08,new balence,3,5,2,16,1,1,6.25%,0,0,,运动户外
2020-04-08,ninety percent,3,9,3,40,1,1,2.50%,0,0,,手机数码
2020-04-08,蔡徐坤应援棒官方,3,6,3,27,0,0,,,,,家居建材
2020-04-08,行李箱,3,3,2,13,0,0,,,,,服装鞋包
2020-04-08,王一博手幅合集,3,4,4,19,0,0,,,,,文化玩乐
2020-04-08,蔡徐坤杂志费加罗,3,5,2,14,1,1,7.14%,0,0,,生活服务
2020-04-08,蔡徐坤玩偶,3,15,3,56,1,5,8.93%,0,0,,文化玩乐
2020-04-08,sacai nike联名,3,4,2,17,1,1,5.88%,0,0,,运动户外
2020-04-08,rannrg,3,3,0,0,0,0,,,,,
2020-04-08,蔡徐坤粉丝团官微应援,3,22,3,43,1,3,6.98%,0,0,,文化玩乐
2020-04-08,蛋黄酥,3,5,3,21,1,1,4.76%,0,0,,百货食品
2020-04-08,蛋蛋slime,3,5,3,29,2,2,6.90%,0,0,,手机数码
2020-04-08,蜜桃的slime小店,3,5,5,36,1,1,2.78%,0,0,,文化玩乐
2020-04-08,表,3,8,3,67,1,1,1.49%,0,0,,美妆饰品
2020-04-08,supereme,3,4,3,15,0,0,,,,,服装鞋包
2020-04-08,princesslan shop,3,5,2,12,0,0,,,,,服装鞋包
2020-04-08,言西泥巴屋💗,3,6,2,24,0,0,,,,,文化玩乐
2020-04-08,衬衫,3,4,3,38,1,1,2.63%,0,0,,服装鞋包
2020-04-08,t恤,3,13,3,46,1,4,8.70%,0,0,,服装鞋包
2020-04-08,LL,3,4,1,9,0,0,,,,,服装鞋包
2020-04-08,赵天宇,3,3,3,15,0,0,,,,,
2020-04-08,一只笨鼠 营养,3,4,3,15,0,0,,,,,母婴用品
2020-04-08,LV丝巾,3,5,0,0,0,0,,,,,
2020-04-08,蔡徐坤全球粉丝后援会,3,6,3,20,1,1,5.00%,0,0,,文化玩乐
2020-04-08,运动裤,3,4,4,50,0,0,,,,,服装鞋包
2020-04-08,金丝熊零食,3,5,0,0,0,0,,,,,文化玩乐
2020-04-08,追星不需要男朋友,3,6,2,12,0,0,,,,,服装鞋包
2020-04-08,钱包,3,8,2,60,1,4,6.67%,0,0,,服装鞋包
2020-04-08,进击的巨人,3,3,3,19,0,0,,,,,文化玩乐
2020-04-08,一担老醋,3,7,4,30,0,0,,,,,文化玩乐
2020-04-08,造访星星计划,3,5,3,23,0,0,,,,,手机数码
2020-04-08,iqos,3,6,0,0,0,0,,,,,
2020-04-08,七个星期五,3,5,2,12,1,1,8.33%,0,0,,文化玩乐
2020-04-08,邮轮与冰山,3,4,4,24,0,0,,,,,生活服务
2020-04-08,三只松鼠,3,4,0,0,0,0,,,,,百货食品
2020-04-08,五月天,3,4,0,0,0,0,,,,,文化玩乐
2020-04-08,三胞胎童心小铺,3,3,2,12,0,0,,,,,文化玩乐
2020-04-08,大萌卡,3,4,3,18,0,0,,,,,游戏话费
2020-04-08,防晒霜,3,6,3,42,1,1,2.38%,1,1,188.00,美妆饰品
2020-04-08,gucci小脏鞋,3,9,3,35,3,5,14.29%,0,0,,服装鞋包
2020-04-08,上海外文书店日文部,3,3,3,19,0,0,,,,,其他
2020-04-08,防晒,3,4,3,31,0,0,,,,,美妆饰品
2020-04-08,陈立农应援灯,3,6,4,28,0,0,,,,,生活服务
2020-04-08,萝卜的超级性价比店,3,7,3,28,0,0,,,,,运动户外
2020-04-08,阿迪鞋子,3,3,3,30,0,0,,,,,运动户外
2020-04-08,云南直供鲜花,3,5,3,16,1,1,6.25%,0,0,,生活服务
2020-04-08,书包,3,8,3,35,1,1,2.86%,0,0,,运动户外
2020-04-08,腰带,3,4,3,33,0,0,,,,,服装鞋包
2020-04-08,陈立农my girl,3,6,3,24,0,0,,,,,生活服务
2020-04-08,限时狂想零售铺,3,6,3,28,0,0,,,,,美妆饰品
2020-04-08,仓鼠垫料,3,4,0,0,0,0,,,,,文化玩乐
2020-04-08,亚瑟士,3,5,2,33,1,2,6.06%,0,0,,运动户外
2020-04-08,仓鼠君的小粮库,3,3,0,0,0,0,,,,,文化玩乐
2020-04-08,仓鼠粮食,3,5,0,0,0,0,,,,,文化玩乐
2020-04-08,仓鼠活物,3,3,0,0,0,0,,,,,文化玩乐
2020-04-08,第十二夜_night,3,4,3,18,0,0,,,,,文化玩乐
2020-04-08,仓鼠零食收纳盒,3,4,0,0,0,0,,,,,文化玩乐
2020-04-08,代购,3,4,3,18,0,0,,,,,美妆饰品
2020-04-08,限量梦境jk,3,3,3,17,0,0,,,,,服装鞋包
2020-04-08,科比,3,9,3,34,1,3,8.82%,0,0,,运动户外
2020-04-08,雀的小推车,3,4,1,5,0,0,,,,,家居建材
2020-04-08,随心配,3,3,2,9,0,0,,,,,游戏话费
2020-04-08,雪茄,3,5,0,0,0,0,,,,,文化玩乐
2020-04-08,积分全额兑换商品,3,8,3,23,1,1,4.35%,0,0,,生活服务
2020-04-08,王一博gq杂志,3,4,3,17,0,0,,,,,文化玩乐
2020-04-08,何洛洛,3,4,2,16,0,0,,,,,文化玩乐
2020-04-08,饰品,3,4,3,17,1,2,11.76%,0,0,,美妆饰品
2020-04-08,风尚志,3,5,2,33,0,0,,,,,文化玩乐
2020-04-08,便利贴,3,4,2,11,0,0,,,,,手机数码
2020-04-08,飞机杯,3,3,3,27,0,0,,,,,百货食品
2020-04-08,麻子,3,4,2,12,0,0,,,,,服装鞋包
2020-04-08,一只笨鼠。,3,3,3,15,0,0,,,,,文化玩乐
2020-04-08,魔仙堡第一顺位继承人,3,9,3,19,1,1,5.26%,0,0,,文化玩乐
2020-04-08,18642100716,3,4,0,0,0,0,,,,,
2020-04-08,高跟鞋,3,15,5,324,2,8,2.47%,0,0,,服装鞋包
2020-04-08,空军,3,3,2,12,0,0,,,,,运动户外
2020-04-08,麦昆,3,31,3,57,1,14,24.56%,0,0,,服装鞋包
2020-04-08,养🐑的🐦,3,3,3,20,0,0,,,,,美妆饰品
2020-04-08,黑幕同学今天zhongjiang了咩,3,6,3,18,0,0,,,,,
2020-04-08,避孕套,3,4,1,7,0,0,,,,,
2020-04-08,冰琪欧尼的杂货铺,2,2,1,5,0,0,,,,,
2020-04-08,瓜河马,2,3,2,12,0,0,,,,,母婴用品
2020-04-08,刘昊然,2,4,2,16,0,0,,,,,文化玩乐
2020-04-08,凯旋,2,5,2,20,1,1,5.00%,0,0,,服装鞋包
2020-04-08,出格文化,2,3,2,12,0,0,,,,,
2020-04-08,刘耀文周边,2,2,2,17,0,0,,,,,文化玩乐
2020-04-08,刘耀文pb,2,3,4,26,0,0,,,,,文化玩乐
2020-04-08,初记鸟笼,2,2,2,11,0,0,,,,,文化玩乐
2020-04-08,Burberry,2,3,2,12,0,0,,,,,服装鞋包
2020-04-08,王俊凯杂志2020,2,3,1,6,0,0,,,,,文化玩乐
2020-04-08,初妤slime,2,3,2,11,0,0,,,,,文化玩乐
2020-04-08,王一博智族,2,5,4,21,1,1,4.76%,0,0,,文化玩乐
2020-04-08,初哆咪,2,5,0,0,0,0,,,,,母婴用品
2020-04-08,势界杂志,2,3,2,12,1,1,8.33%,0,0,,
2020-04-08,利郎男装,2,3,2,42,1,1,2.38%,0,0,,服装鞋包
2020-04-08,加盟,2,5,0,0,0,0,,,,,运动户外
2020-04-08,大胃馨子,2,2,2,11,0,0,,,,,美妆饰品
2020-04-08,半身裙,2,2,2,21,0,0,,,,,服装鞋包
2020-04-08,独白pb,2,3,2,9,0,0,,,,,
2020-04-08,北京,2,2,1,6,0,0,,,,,百货食品
2020-04-08,包邮slime便宜,2,3,2,17,0,0,,,,,手机数码
2020-04-08,牛仔外套,2,2,0,0,0,0,,,,,服装鞋包
2020-04-08,北面单肩包,2,3,1,24,0,0,,,,,服装鞋包
2020-04-08,爱彼皇家橡树,2,3,2,14,0,0,,,,,文化玩乐
2020-04-08,熊熊,2,6,2,95,1,3,3.16%,0,0,,
2020-04-08,北极弧双肩包,2,2,2,12,0,0,,,,,运动户外
2020-04-08,匡微1970s,2,2,3,104,1,1,0.96%,0,0,,服装鞋包
2020-04-08,烟弹,2,3,0,0,0,0,,,,,
2020-04-08,烟味,2,3,0,0,0,0,,,,,百货食品
2020-04-08,卡地亚戒指,2,5,1,9,1,2,22.22%,0,0,,美妆饰品
2020-04-08,南北北北北,2,4,2,10,0,0,,,,,运动户外
2020-04-08,灵契 作者带你飞,2,2,2,12,0,0,,,,,
2020-04-08,灰指甲,2,4,0,0,0,0,,,,,百货食品
2020-04-08,华为,2,3,1,5,0,0,,,,,手机数码
2020-04-08,华电电气考研,2,3,2,13,0,0,,,,,生活服务
2020-04-08,卡地亚,2,5,2,13,1,2,15.38%,0,0,,文化玩乐
2020-04-08,博君一肖娃娃20cm,2,4,2,11,0,0,,,,,文化玩乐
2020-04-08,南都娱乐,2,3,2,16,0,0,,,,,文化玩乐
2020-04-08,深深的窝,2,4,2,24,0,0,,,,,运动户外
2020-04-08,博君一肖应援卫衣,2,6,2,15,1,3,20.00%,0,0,,服装鞋包
2020-04-08,流量卡不记名包邮,2,5,1,8,1,3,37.50%,0,0,,游戏话费
2020-04-08,史莱姆原液,2,2,1,7,0,0,,,,,手机数码
2020-04-08,卡门c呀,2,2,2,12,0,0,,,,,家居建材
2020-04-08,卡西欧手表,2,3,2,11,0,0,,,,,文化玩乐
2020-04-08,洁丽儿洗手液,2,5,2,11,1,2,18.18%,0,0,,百货食品
2020-04-08,泰国校服,2,3,2,2,1,1,50.00%,0,0,,母婴用品
2020-04-08,CHAFORU星卡里,2,2,2,16,0,0,,,,,美妆饰品
2020-04-08,沃玛的养鸡场,2,3,2,11,0,0,,,,,
2020-04-08,卫衣男,2,3,2,36,0,0,,,,,服装鞋包
2020-04-08,TFBOYS手幅,2,6,0,0,0,0,,,,,生活服务
2020-04-08,TFBOYS应援棒,2,3,0,0,0,0,,,,,文化玩乐
2020-04-08,危险发言,2,2,1,5,0,0,,,,,文化玩乐
2020-04-08,氢刻意大利面,2,3,2,12,0,0,,,,,家用电器
2020-04-08,正宗面包农民,2,2,2,13,0,0,,,,,百货食品
2020-04-08,正品鞋子,2,2,1,4,0,0,,,,,运动户外
2020-04-08,欧舒丹香水,2,2,2,12,0,0,,,,,美妆饰品
2020-04-08,古奇男包,2,4,2,47,1,1,2.13%,0,0,,服装鞋包
2020-04-08,欧束,2,2,1,8,1,1,12.50%,0,0,,美妆饰品
2020-04-08,欧智宝,2,4,1,6,0,0,,,,,文化玩乐
2020-04-08,台版,2,4,2,26,0,0,,,,,文化玩乐
2020-04-08,古驰女包,2,6,2,43,1,2,4.65%,0,0,,服装鞋包
2020-04-08,叫我衣哥二店,2,2,1,7,0,0,,,,,服装鞋包
2020-04-08,可能世界论08051005,2,2,2,12,0,0,,,,,
2020-04-08,椰子 500,2,4,1,9,1,1,11.11%,0,0,,运动户外
2020-04-08,喵喵的熊窝,2,3,1,8,1,1,12.50%,0,0,,文化玩乐
2020-04-08,叶航成socool,2,5,2,13,2,2,15.38%,0,0,,文化玩乐
2020-04-08,桃子的鼠子铺,2,2,2,10,0,0,,,,,百货食品
2020-04-08,吃沙小能手,2,2,2,11,0,0,,,,,
2020-04-08,吉普赛保安,2,2,0,0,0,0,,,,,
2020-04-08,听说是大宝贝,2,3,1,5,0,0,,,,,母婴用品
2020-04-08,果果樱花小铺,2,2,2,10,0,0,,,,,文化玩乐
2020-04-08,和田玉,2,6,2,69,2,2,2.90%,0,0,,文化玩乐
2020-04-08,啦啦酱jk,2,4,1,5,0,0,,,,,服装鞋包
2020-04-08,松饼,2,8,2,26,1,2,7.69%,0,0,,百货食品
2020-04-08,哇塞小霜,2,2,1,7,1,1,14.29%,0,0,,百货食品
2020-04-08,杨洋,2,3,2,12,0,0,,,,,
2020-04-08,大学生数学竞赛学习交流,2,2,2,7,0,0,,,,,文化玩乐
2020-04-08,土鸡,2,3,2,12,0,0,,,,,百货食品
2020-04-08,囍妈,2,2,1,10,0,0,,,,,母婴用品
2020-04-08,喵小柒de小铺,2,3,2,12,0,0,,,,,服装鞋包
2020-04-08,嘉嘉嘉,2,3,1,6,0,0,,,,,百货食品
2020-04-08,四川大学出版社,2,3,2,13,0,0,,,,,文化玩乐
2020-04-08,四月天,2,2,1,6,0,0,,,,,美妆饰品
2020-04-08,回头率50%以上的店,2,3,2,32,0,0,,,,,运动户外
2020-04-08,因蓝手作,2,2,0,0,0,0,,,,,百货食品
2020-04-08,大咪的神秘小店,2,2,1,7,0,0,,,,,家居建材
2020-04-08,声入人心,2,2,1,6,0,0,,,,,文化玩乐
2020-04-08,墨镜,2,3,2,34,0,0,,,,,母婴用品
2020-04-08,壹号美食专供,2,2,1,6,0,0,,,,,
2020-04-08,夜愿,2,3,2,15,0,0,,,,,
2020-04-08,外套男,2,4,2,73,1,1,1.37%,0,0,,服装鞋包
2020-04-08,外贸鞋,2,2,2,13,0,0,,,,,服装鞋包
2020-04-08,是只西瓜哇,2,5,1,5,0,0,,,,,生活服务
2020-04-08,御茶家jk制服,2,2,3,14,0,0,,,,,服装鞋包
2020-04-08,小歪sama,2,3,1,7,0,0,,,,,运动户外
2020-04-08,娃衣制作,2,4,2,11,1,1,9.09%,0,0,,
2020-04-08,太阳镜,2,3,2,27,1,1,3.70%,0,0,,母婴用品
2020-04-08,大鱼,2,2,2,10,0,0,,,,,
2020-04-08,Nike ,2,2,1,9,0,0,,,,,运动户外
2020-04-08,易烊千玺elle,2,3,2,12,0,0,,,,,生活服务
2020-04-08,失灵,2,5,2,9,0,0,,,,,文化玩乐
2020-04-08,明显饭圈,2,6,2,15,0,0,,,,,
2020-04-08,失灵太太,2,2,2,12,0,0,,,,,美妆饰品
2020-04-08,奈良的菓子,2,3,2,9,0,0,,,,,家居建材
2020-04-08,娃衣20厘米,2,3,2,31,1,1,3.23%,0,0,,文化玩乐
2020-04-08,奶茶,2,4,2,12,0,0,,,,,百货食品
2020-04-08,奶酪,2,2,0,0,0,0,,,,,百货食品
2020-04-08,娃,2,2,1,6,0,0,,,,,文化玩乐
2020-04-08,姜妹妹slime,2,2,1,6,0,0,,,,,文化玩乐
2020-04-08,无印良品,2,2,1,6,0,0,,,,,家居建材
2020-04-08,娃娃,2,3,2,9,0,0,,,,,文化玩乐
2020-04-08,小棉袄的韩妆,2,2,2,11,0,0,,,,,美妆饰品
2020-04-08,字章,2,3,2,16,1,1,6.25%,0,0,,文化玩乐
2020-04-08,敷尔佳面膜 医用,2,3,2,12,0,0,,,,,家用电器
2020-04-08,婉儿的slime,2,12,2,29,2,9,31.03%,0,0,,文化玩乐
2020-04-08,摩托车姐姐美妆店,2,2,2,12,0,0,,,,,美妆饰品
2020-04-08,婉儿,2,2,2,12,0,0,,,,,文化玩乐
2020-04-08,孕妇裤,2,2,1,6,0,0,,,,,母婴用品
2020-04-08,手链,2,12,4,69,1,8,11.59%,0,0,,美妆饰品
2020-04-08,Dream账号商铺,2,3,0,0,0,0,,,,,游戏话费
2020-04-08,手表男生dw,2,2,2,12,0,0,,,,,文化玩乐
2020-04-08,手表男生,2,5,2,12,1,1,8.33%,0,0,,文化玩乐
2020-04-08,宠物,2,3,2,12,0,0,,,,,文化玩乐
2020-04-08,安足外贸,2,5,1,7,1,1,14.29%,0,0,,运动户外
2020-04-08,安野南一,2,2,1,6,0,0,,,,,美妆饰品
2020-04-08,宝格丽项链,2,4,2,14,0,0,,,,,美妆饰品
2020-04-08,家居服,2,3,2,12,0,0,,,,,服装鞋包
2020-04-08,我的微店铺,2,2,2,19,0,0,,,,,
2020-04-08,成人用品,2,2,2,12,0,0,,,,,百货食品
2020-04-08,憩,2,2,2,11,0,0,,,,,家居建材
2020-04-08,情趣用品,2,2,2,12,0,0,,,,,百货食品
2020-04-08,悦刻,2,4,0,0,0,0,,,,,
2020-04-08,恬哥slime,2,8,2,20,1,1,5.00%,0,0,,文化玩乐
2020-04-08,家具,2,3,2,12,0,0,,,,,生活服务
2020-04-08,小俊饼干,2,2,2,12,0,0,,,,,百货食品
2020-04-08,小兔仙二号店,2,2,1,5,0,0,,,,,
2020-04-08,德云社 周边,2,2,2,12,0,0,,,,,文化玩乐
2020-04-08,小君君 slime,2,8,2,23,2,5,21.74%,0,0,,
2020-04-08,张颜齐,2,2,2,8,0,0,,,,,文化玩乐
2020-04-08,工装裤男潮束脚,2,3,1,12,0,0,,,,,服装鞋包
2020-04-08,小茶的甜蜜贩卖,2,2,2,10,0,0,,,,,生活服务
2020-04-08,小红书,2,2,2,12,0,0,,,,,百货食品
2020-04-08,小笃钥匙扣,2,3,3,18,0,0,,,,,家居建材
2020-04-08,小美家的衣服呀,2,4,2,15,1,1,6.67%,0,0,,服装鞋包
2020-04-08,工装外套,2,3,2,14,0,0,,,,,服装鞋包
2020-04-08,并肩于雪山之巅,2,2,3,15,0,0,,,,,
2020-04-08,小雨优优哒店,2,2,2,5,0,0,,,,,手机数码
2020-04-08,小贝和小梁,2,2,1,6,0,0,,,,,运动户外
2020-04-08,巴黎快乐送,2,6,2,24,0,0,,,,,
2020-04-08,小郑发财铺,2,2,1,8,0,0,,,,,服装鞋包
2020-04-08,尚九熙,2,4,2,16,0,0,,,,,美妆饰品
2020-04-08,川久保玲,2,2,1,66,0,0,,,,,服装鞋包
2020-04-08,尼古丁,2,2,0,0,0,0,,,,,美妆饰品
2020-04-08,山木下jk,2,2,2,9,0,0,,,,,
2020-04-08,帆布包,2,2,0,0,0,0,,,,,服装鞋包
2020-04-08,巴黎世家短袖,2,7,1,36,1,4,11.11%,0,0,,服装鞋包
2020-04-08,PUMA,2,2,2,10,0,0,,,,,运动户外
2020-04-08,干脆面小卖部,2,2,1,1,0,0,,,,,百货食品
2020-04-08,广州品学旗舰店,2,2,1,6,0,0,,,,,文化玩乐
2020-04-08,彪马,2,2,2,12,0,0,,,,,服装鞋包
2020-04-08,开店铺,2,4,2,13,0,0,,,,,
2020-04-08,店铺,2,2,2,14,1,1,7.14%,0,0,,服装鞋包
2020-04-08,延时喷雾,2,3,1,5,0,0,,,,,百货食品
2020-04-08,彤老大 slime,2,7,2,14,2,4,28.57%,0,0,,
2020-04-08,开拓者,2,3,1,6,0,0,,,,,运动户外
2020-04-08,彤老大,2,4,3,10,1,1,10.00%,0,0,,百货食品
2020-04-08,月亮走失原创制服馆,2,7,2,13,0,0,,,,,
2020-04-08,巴黎欢乐送,2,2,1,5,0,0,,,,,
2020-04-08,手帐素材本,2,3,2,19,0,0,,,,,
2020-04-08,情趣,2,10,2,57,2,3,5.26%,0,0,,百货食品
2020-04-08,微博 小号,2,4,1,6,0,0,,,,,生活服务
2020-04-08,彪马卫衣,2,2,1,6,0,0,,,,,运动户外
2020-04-08,14只老鼠,2,3,0,0,0,0,,,,,
2020-04-08,心跳定端,2,3,1,7,0,0,,,,,手机数码
2020-04-08,情话,2,2,2,10,0,0,,,,,
2020-04-08,小雷锋三店,2,2,1,6,0,0,,,,,
2020-04-08,怼哥的店,2,2,1,6,0,0,,,,,
2020-04-08,情侣装,2,2,2,29,1,1,3.45%,0,0,,服装鞋包
2020-04-08,手帐素材,2,4,2,56,1,1,1.79%,0,0,,手机数码
2020-04-08,我叫衣哥,2,3,1,6,0,0,,,,,
2020-04-08,想姐的微店,2,3,2,8,0,0,,,,,
2020-04-08,我只喜欢你的人设,2,4,2,15,0,0,,,,,文化玩乐
2020-04-08,我的订单,2,3,2,10,0,0,,,,,服装鞋包
2020-04-08,OnlyForSWL,2,3,1,5,0,0,,,,,
2020-04-08,我喝果汁啦,2,2,1,5,0,0,,,,,文化玩乐
2020-04-08,戚殿美少女,2,3,2,10,0,0,,,,,百货食品
2020-04-08,找企鹅拿卡片,2,4,2,12,0,0,,,,,文化玩乐
2020-04-08,小牛电动,2,3,2,24,0,0,,,,,
2020-04-08,手机淘商城,2,3,2,9,0,0,,,,,手机数码
2020-04-08,手机壳 vivo,2,2,2,12,0,0,,,,,手机数码
2020-04-08,扩列,2,3,2,14,0,0,,,,,
2020-04-08,小包包斜挎女,2,2,2,37,0,0,,,,,服装鞋包
2020-04-08,手账,2,2,2,16,0,0,,,,,手机数码
2020-04-08,打底裤,2,3,1,22,0,0,,,,,服装鞋包
2020-04-08,收纳盒 桌面,2,4,1,8,1,1,12.50%,0,0,,百货食品
2020-04-08,拖鞋 aj,2,3,1,5,0,0,,,,,服装鞋包
2020-04-08,护肤品,2,4,2,20,1,2,10.00%,0,0,,美妆饰品
2020-04-08,收纳盒,2,3,3,11,0,0,,,,,家居建材
2020-04-08,收获一只小快乐,2,3,1,4,0,0,,,,,美妆饰品
2020-04-08,情趣内衣,2,3,2,52,0,0,,,,,百货食品
2020-04-08,Rannrg,2,2,0,0,0,0,,,,,
2020-04-08,文轩周边,2,5,1,7,0,0,,,,,文化玩乐
2020-04-08,无限流量卡,2,2,2,10,0,0,,,,,游戏话费
2020-04-08,宠物衣服,2,2,2,12,0,0,,,,,文化玩乐
2020-04-08,新百伦,2,5,1,17,1,2,11.76%,0,0,,运动户外
2020-04-08,新车严选,2,2,2,12,0,0,,,,,汽配摩托
2020-04-08,无尽夏,2,3,2,18,0,0,,,,,生活服务
2020-04-08,宝芝lin,2,3,2,11,1,1,9.09%,0,0,,运动户外
2020-04-08,旅行小俊,2,2,2,12,0,0,,,,,服装鞋包
2020-04-08,时光剪 timemory,2,2,0,0,0,0,,,,,
2020-04-08,无骨鸡爪,2,8,3,34,2,5,14.71%,0,0,,百货食品
2020-04-08,日山鹅鹅娃衣,2,2,3,14,0,0,,,,,运动户外
2020-04-08,明星应援,2,3,2,10,0,0,,,,,
2020-04-08,明星周边大本营,2,2,2,12,0,0,,,,,文化玩乐
2020-04-08,易烊千玺手幅,2,3,2,10,0,0,,,,,文化玩乐
2020-04-08,孔雪儿,2,2,2,12,0,0,,,,,
2020-04-08,昏古七,2,2,2,11,0,0,,,,,运动户外
2020-04-08,易烊千玺周边,2,2,1,5,0,0,,,,,文化玩乐
2020-04-08,星卡里官方店铺,2,5,2,18,0,0,,,,,家居建材
2020-04-08,娃衣手作,2,2,2,22,0,0,,,,,文化玩乐
2020-04-08,昕薇,2,2,1,6,0,0,,,,,
2020-04-08,易烊千玺杂志gq,2,2,2,10,0,0,,,,,文化玩乐
2020-04-08,EXO八周年,2,2,2,12,0,0,,,,,文化玩乐
2020-04-08,宠物狗活体,2,3,2,25,0,0,,,,,
2020-04-08,晓破孩,2,3,2,12,0,0,,,,,文化玩乐
2020-04-08,星巴克,2,28,2,72,1,25,34.72%,0,0,,百货食品
2020-04-08,春酿梅子酒,2,4,2,13,0,0,,,,,百货食品
2020-04-08,曹曹呐,2,2,2,7,0,0,,,,,文化玩乐
2020-04-08,智族GQ,2,3,2,10,0,0,,,,,生活服务
2020-04-08,智族gq易烊千玺,2,3,2,12,1,2,16.67%,0,0,,文化玩乐
2020-04-08,暖情diy 手工铺,2,3,2,12,0,0,,,,,文化玩乐
2020-04-08,女爱slime,2,7,2,20,1,1,5.00%,0,0,,
2020-04-08,暑假作業,2,2,2,12,0,0,,,,,
2020-04-08,曲奇饼干,2,3,2,12,0,0,,,,,百货食品
2020-04-08,白露slime studio,2,5,1,6,1,2,33.33%,0,0,,家居建材
2020-04-08,明星饭圈蔡徐坤,2,2,1,6,0,0,,,,,文化玩乐
2020-04-08,火锅男孕,2,3,2,13,0,0,,,,,
2020-04-08,木鸟漫画,2,3,1,7,0,0,,,,,文化玩乐
2020-04-08,本宫待你不薄,2,2,1,6,0,0,,,,,文化玩乐
2020-04-08,夹克男外套,2,6,2,22,1,2,9.09%,0,0,,服装鞋包
2020-04-08,杂志叶航成,2,4,2,12,1,2,16.67%,0,0,,文化玩乐
2020-04-08,杂志蔡徐坤,2,10,2,32,1,1,3.13%,0,0,,文化玩乐
2020-04-08,李天泽,2,4,1,6,0,0,,,,,
2020-04-08,极速工作流,2,3,2,12,0,0,,,,,
2020-04-08,李汶翰 娃,2,4,2,13,1,1,7.69%,0,0,,文化玩乐
2020-04-08,李维斯,2,3,2,12,0,0,,,,,服装鞋包
2020-04-08,板鞋,2,3,2,15,0,0,,,,,运动户外
2020-04-08,外贸女装,2,2,2,17,0,0,,,,,服装鞋包
2020-04-08,杨温柔的泥巴屋🏠,2,4,2,21,1,2,9.52%,0,0,,手机数码
2020-04-08,杰西卡呢,2,2,2,11,0,0,,,,,服装鞋包
2020-04-08,梦境巡游狂想,2,2,2,11,0,0,,,,,运动户外
2020-04-08,复刻,2,2,0,0,0,0,,,,,
2020-04-08,林深见鹿吃胖了,2,2,1,5,0,0,,,,,百货食品
2020-04-08,15cm 娃衣,2,3,2,11,0,0,,,,,文化玩乐
2020-04-08,林龙的酒酒,2,4,3,20,0,0,,,,,百货食品
2020-04-08,夏秋季节多台风,2,2,1,6,0,0,,,,,
2020-04-08,柯基与jk,2,2,2,12,0,0,,,,,
2020-04-08,格格 slime铺子,2,3,2,12,1,1,8.33%,0,0,,百货食品
2020-04-08,橙美童 slime,2,2,3,16,0,0,,,,,文化玩乐
2020-04-08,椰叔,2,3,1,6,0,0,,,,,运动户外
2020-04-08,棉花娃娃,2,5,3,56,1,1,1.79%,0,0,,文化玩乐
2020-04-08,椰子 700,2,5,1,14,1,2,14.29%,0,0,,运动户外
2020-04-08,橙子不甜slime,2,3,1,6,0,0,,,,,
2020-04-08,嘉尔,2,4,2,19,0,0,,,,,
2020-04-08,榛子的㊙️密基地,2,3,1,6,0,0,,,,,百货食品
2020-04-08,毛衣姐姐,2,2,2,14,0,0,,,,,
2020-04-08,欧根纱,2,18,2,115,1,16,13.91%,0,0,,服装鞋包
2020-04-08,872571450,2,4,0,0,0,0,,,,,
2020-04-08,欧文6,2,2,2,12,0,0,,,,,运动户外
2020-04-08,欢喜一朵朵,2,3,2,9,0,0,,,,,文化玩乐
2020-04-08,T,2,2,2,9,0,0,,,,,服装鞋包
2020-04-08,咖啡豆,2,3,1,7,0,0,,,,,百货食品
2020-04-08,欧束一号店,2,3,1,6,0,0,,,,,美妆饰品
2020-04-08,毕雯珺,2,6,1,18,1,4,22.22%,0,0,,文化玩乐
2020-04-08,欧阳娜娜,2,4,2,10,0,0,,,,,
2020-04-08,正泰cp,2,4,3,21,0,0,,,,,服装鞋包
2020-04-08,永盛健康中心,2,5,1,13,1,1,7.69%,0,0,,百货食品
2020-04-08,水杯,2,2,2,12,0,0,,,,,百货食品
2020-04-08,气垫,2,2,1,5,0,0,,,,,美妆饰品
2020-04-08,叶航成吴石九电子刊,2,2,0,0,0,0,,,,,文化玩乐
2020-04-08,水桶包,2,9,2,160,1,7,4.38%,0,0,,服装鞋包
2020-04-08,河北联通政企,2,3,2,43,0,0,,,,,游戏话费
2020-04-08,汤太家徽章金属,2,4,2,12,0,0,,,,,文化玩乐
2020-04-08,可欣滴泥,2,3,2,13,0,0,,,,,美妆饰品
2020-04-08,沛纳海,2,12,2,64,2,7,10.94%,0,0,,文化玩乐
2020-04-08,火哥考研,2,3,2,11,0,0,,,,,生活服务
2020-04-08,浪琴,2,12,2,98,1,5,5.10%,0,0,,文化玩乐
2020-04-08,可复美,2,6,2,19,1,2,10.53%,0,0,,
2020-04-08,洗脸巾,2,2,2,12,0,0,,,,,美妆饰品
2020-04-08,注册手机卡,2,3,1,1,1,1,100.00%,0,0,,游戏话费
2020-04-08,洗洁精与安森,2,5,2,32,0,0,,,,,
2020-04-08,流量,2,6,2,15,1,2,13.33%,0,0,,游戏话费
2020-04-08,测手速,2,3,2,12,0,0,,,,,家居建材
2020-04-08,潮牌帽子,2,4,1,31,1,1,3.23%,0,0,,服装鞋包
2020-04-08,游戏,2,3,2,12,0,0,,,,,手机数码
2020-04-08,双份黄油啤酒,2,2,1,7,0,0,,,,,百货食品
2020-04-08,海鲜,2,3,1,6,0,0,,,,,百货食品
2020-04-08,渠道货 保真,2,8,1,74,1,6,8.11%,0,0,,文化玩乐
2020-04-08,漫画,2,9,2,164,1,5,3.05%,0,0,,文化玩乐
2020-04-08,卷烟,2,4,0,0,0,0,,,,,
2020-04-08,溶豆,2,12,2,33,2,9,27.27%,0,0,,
2020-04-08,满天星,2,5,1,6,1,1,16.67%,0,0,,运动户外
2020-04-08,白玉胶,2,2,2,14,0,0,,,,,手机数码
2020-04-08,TFBOYS杂志,2,3,0,0,0,0,,,,,文化玩乐
2020-04-08,烟纸,2,3,0,0,0,0,,,,,美妆饰品
2020-04-08,点点服装工作室,2,3,3,18,0,0,,,,,服装鞋包
2020-04-08,灰姑娘 slime,2,4,1,15,1,2,13.33%,0,0,,百货食品
2020-04-08,灰姑娘,2,2,2,10,0,0,,,,,百货食品
2020-04-08,灵总钱包榨干器,2,3,2,10,0,0,,,,,服装鞋包
2020-04-08,烟管,2,7,0,0,0,0,,,,,
2020-04-08,烟灰缸,2,4,0,0,0,0,,,,,家居建材
2020-04-08,博肖手幅,2,2,2,11,0,0,,,,,美妆饰品
2020-04-08,牛肉干,2,3,1,6,0,0,,,,,百货食品
2020-04-08,爱丽棒,2,3,2,15,1,2,13.33%,0,0,,文化玩乐
2020-04-08,熊与安妮的店。,2,3,2,12,0,0,,,,,服装鞋包
2020-04-08,TNT,2,3,2,11,0,0,,,,,运动户外
2020-04-08,熊崽咆哮,2,3,2,9,0,0,,,,,服装鞋包
2020-04-08,牛奶,2,10,2,113,1,7,6.19%,0,0,,百货食品
2020-04-08,爷爷泡的茶slime,2,3,2,22,1,1,4.55%,0,0,,百货食品
2020-04-08,华仁商城,2,2,2,11,0,0,,,,,生活服务
2020-04-08,爽肤水,2,3,2,14,0,0,,,,,美妆饰品
2020-04-08,王一博GQ,2,4,2,14,0,0,,,,,文化玩乐
2020-04-08,狐狸娃衣,2,3,0,0,0,0,,,,,
2020-04-08,物联网卡,2,2,2,12,0,0,,,,,游戏话费
2020-04-08,狐狸一世,2,4,0,0,0,0,,,,,
2020-04-08,狠赵狠蛇蛇,2,3,2,18,0,0,,,,,美妆饰品
2020-04-08,玉灵膏,2,3,2,24,0,0,,,,,百货食品
2020-04-08,烤鸭卷铁饼,2,2,0,0,0,0,,,,,百货食品
2020-04-08,玉米鸭,2,2,2,12,0,0,,,,,百货食品
2020-04-08,王一博娃娃20cm,2,2,2,11,0,0,,,,,文化玩乐
2020-04-08,王一博Tmagazine,2,2,2,16,0,0,,,,,手机数码
2020-04-08,爱尚工厂店 原单,2,2,0,0,0,0,,,,,服装鞋包
2020-04-08,王一博智族gq,2,3,2,10,0,0,,,,,文化玩乐
2020-04-08,王源,2,8,2,11,2,3,27.27%,0,0,,文化玩乐
2020-04-08,王府井,2,2,2,12,0,0,,,,,
2020-04-08,千玺杂志,2,2,2,13,0,0,,,,,
2020-04-08,甜月slime,2,2,2,16,0,0,,,,,文化玩乐
2020-04-08,玖玖的猪圈,2,2,0,0,0,0,,,,,服装鞋包
2020-04-08,玛莎拉蒂和平精英,2,2,1,7,0,0,,,,,手机数码
2020-04-08,玛丽连梦子啊,2,5,2,13,0,0,,,,,美妆饰品
2020-04-08,玛卡巴卡呜啦啦,2,7,0,0,0,0,,,,,百货食品
2020-04-08,琪豆豆史萊姆,2,2,1,4,0,0,,,,,文化玩乐
2020-04-08,环球人物,2,4,3,25,1,1,4.00%,0,0,,生活服务
2020-04-08,利拉德,2,5,2,18,1,3,16.67%,0,0,,运动户外
2020-04-08,瓜河马人字拖,2,2,2,11,0,0,,,,,服装鞋包
2020-04-08,甜蜜像素,2,2,1,5,0,0,,,,,生活服务
2020-04-08,生死狙击官方商城,2,2,2,10,0,0,,,,,游戏话费
2020-04-08,初兽猫,2,3,2,11,0,0,,,,,
2020-04-08,生酮,2,8,2,106,1,3,2.83%,0,0,,百货食品
2020-04-08,生死狙击手游,2,3,2,11,0,0,,,,,游戏话费
2020-04-08,白丝绸空军一号,2,6,2,17,1,3,17.65%,0,0,,运动户外
2020-04-08,初中数学,2,3,2,13,0,0,,,,,生活服务
2020-04-08,电信流量卡,2,6,2,12,1,4,33.33%,0,0,,游戏话费
2020-04-08,电信卡,2,7,2,15,1,1,6.67%,0,0,,游戏话费
2020-04-08,电子小羊,2,4,0,0,0,0,,,,,文化玩乐
2020-04-08,电击棒防身,2,4,2,61,1,1,1.64%,0,0,,运动户外
2020-04-08,男 裤,2,4,2,9,0,0,,,,,服装鞋包
2020-04-08,电子秤,2,2,0,0,0,0,,,,,运动户外
2020-04-08,电臀侠,2,6,2,19,1,1,5.26%,0,0,,服装鞋包
2020-04-08,农坤书,2,3,2,12,0,0,,,,,文化玩乐
2020-04-08,男裤 潮牌,2,3,2,19,0,0,,,,,服装鞋包
2020-04-08,男外套,2,5,2,10,0,0,,,,,服装鞋包